Rk,Wk,Date,Day,Winner/Tie,Pts,,Loser/Tie,Pts,Notes
1,1,Sep 17 1927,Sat,Stanford,44,,Fresno State,7,
2,1,Sep 17 1927,Sat,Virginia Military Institute,37,,Wofford,0,
3,1,Sep 17 1927,Sat,Washington,32,,Willamette,6,
Rk,Wk,Date,Day,Winner/Tie,Pts,,Loser/Tie,Pts,Notes
4,2,Sep 23 1927,Fri,Furman,13,@,Duke,7,
5,2,Sep 24 1927,Sat,Alabama,46,,Millsaps,0,
6,2,Sep 24 1927,Sat,Army,13,,Boston University,0,
7,2,Sep 24 1927,Sat,Brown,27,,Rhode Island,0,
8,2,Sep 24 1927,Sat,California,14,,Santa Clara,6,
9,2,Sep 24 1927,Sat,Carnegie Mellon,25,@,Westminster (Pennsylvania),0,
10,2,Sep 24 1927,Sat,Carroll (Montana),6,,Washington State,6,
11,2,Sep 24 1927,Sat,Colgate,21,,Hamilton,0,
12,2,Sep 24 1927,Sat,Columbia,32,,Vermont,0,
13,2,Sep 24 1927,Sat,Dartmouth,47,,Norwich,0,
14,2,Sep 24 1927,Sat,Davidson,5,,Citadel,0,Gastonia NC
15,2,Sep 24 1927,Sat,Detroit Mercy,44,,Adrian,0,
16,2,Sep 24 1927,Sat,Florida,26,,Florida Southern,7,
17,2,Sep 24 1927,Sat,Georgetown,80,,Lenoir-Rhyne,0,
18,2,Sep 24 1927,Sat,Kansas State,30,,Fort Hays State,6,
19,2,Sep 24 1927,Sat,Lafayette,39,,Schuylkill,13,
20,2,Sep 24 1927,Sat,Louisiana State,45,,Louisiana Tech,0,
21,2,Sep 24 1927,Sat,Loyola (LA),13,,Rice,0,
22,2,Sep 24 1927,Sat,Marquette,29,,St. Viator,0,
23,2,Sep 24 1927,Sat,Maryland,80,,Washington (Maryland),0,
24,2,Sep 24 1927,Sat,Maryville (TN),6,,Kentucky,6,
25,2,Sep 24 1927,Sat,Michigan State,12,,Kalamazoo,6,
26,2,Sep 24 1927,Sat,Mississippi,58,,Ozarks,0,
27,2,Sep 24 1927,Sat,Montana,19,,Centerville (Butte),0,
28,2,Sep 24 1927,Sat,Montana State,22,,North Dakota State,0,
29,2,Sep 24 1927,Sat,New York University,27,,Niagara,0,
30,2,Sep 24 1927,Sat,North Carolina State,39,,Elon,0,
31,2,Sep 24 1927,Sat,Northern Colorado,16,,Hastings State,13,
32,2,Sep 24 1927,Sat,Penn State,27,,Lebanon Valley,0,
33,2,Sep 24 1927,Sat,Pennsylvania,8,,Franklin & Marshall,0,
34,2,Sep 24 1927,Sat,Pittsburgh,42,,Thiel,0,
35,2,Sep 24 1927,Sat,Presbyterian,0,,Clemson,0,
36,2,Sep 24 1927,Sat,Sewanee,34,,Transylvania,6,
37,2,Sep 24 1927,Sat,South Carolina,13,,Erskine,6,
38,2,Sep 24 1927,Sat,Southern California,33,,Occidental,0,
39,2,Sep 24 1927,Sat,Southern Methodist,68,,North Texas,0,
40,2,Sep 24 1927,Sat,Southwestern (TX),19,@,Baylor,6,
41,2,Sep 24 1927,Sat,Stanford,7,,Olympic Club,6,
42,2,Sep 24 1927,Sat,Stetson,6,@,Auburn,0,
43,2,Sep 24 1927,Sat,Tennessee,33,,Carson-Newman,0,
44,2,Sep 24 1927,Sat,Texas,43,,Southwestern Oklahoma State,0,
45,2,Sep 24 1927,Sat,Texas A&M,45,,Trinity (Texas),0,
46,2,Sep 24 1927,Sat,Texas Christian,27,,Daniel Baker,0,
47,2,Sep 24 1927,Sat,Vanderbilt,45,@,Chattanooga,18,
48,2,Sep 24 1927,Sat,Virginia,38,,Hampden-Sydney,6,
49,2,Sep 24 1927,Sat,Virginia Military Institute,22,,Richmond,0,
50,2,Sep 24 1927,Sat,Virginia Tech,21,,Roanoke,2,
51,2,Sep 24 1927,Sat,Wake Forest,9,@,North Carolina,8,
52,2,Sep 24 1927,Sat,Washington,27,,USS Idaho,0,
53,2,Sep 24 1927,Sat,Washington & Jefferson,14,,Waynesburg,0,
54,2,Sep 24 1927,Sat,Washington & Lee,27,,Lynchburg,2,
55,2,Sep 24 1927,Sat,Washington (MO),6,,Lombard,0,
56,2,Sep 24 1927,Sat,West Virginia,27,,West Virginia Wesleyan,7,
57,2,Sep 24 1927,Sat,William Penn,6,,Grinnell,6,
58,2,Sep 24 1927,Sat,Wyoming,31,,Black Hills State,6,
59,2,Sep 25 1927,Sun,Cornell,41,,Clarkson,0,
60,2,Sep 25 1927,Sun,Oregon,7,,Linfield,0,
61,2,Sep 26 1927,Mon,Syracuse,13,,Hobart,0,
Rk,Wk,Date,Day,Winner/Tie,Pts,,Loser/Tie,Pts,Notes
62,3,Sep 30 1927,Fri,Alabama,31,,Rhodes,0,
63,3,Sep 30 1927,Fri,Furman,20,,North Carolina State,0,
64,3,Oct 1 1927,Sat,Arkansas,32,,Ozarks,0,
65,3,Oct 1 1927,Sat,Army,6,,Detroit Mercy,0,
66,3,Oct 1 1927,Sat,Baylor,12,,St. Edward's,6,
67,3,Oct 1 1927,Sat,Brown,20,,Albright,0,
68,3,Oct 1 1927,Sat,Bryson,7,@,Sewanee,0,
69,3,Oct 1 1927,Sat,California,54,,Nevada,0,
70,3,Oct 1 1927,Sat,Carnegie Mellon,40,,Thiel,0,
71,3,Oct 1 1927,Sat,Clemson,3,,Auburn,0,
72,3,Oct 1 1927,Sat,Colgate,32,,St. Lawrence,0,
73,3,Oct 1 1927,Sat,Colorado,25,,Western State,6,
74,3,Oct 1 1927,Sat,Colorado College,36,@,Denver,7,
75,3,Oct 1 1927,Sat,Colorado State,33,@,Northern Colorado,0,
76,3,Oct 1 1927,Sat,Columbia,28,,Union (NY),0,
77,3,Oct 1 1927,Sat,Cornell,19,,Niagara,6,
78,3,Oct 1 1927,Sat,Creighton,13,,Wyoming,0,
79,3,Oct 1 1927,Sat,Dartmouth,46,,Hobart,0,
80,3,Oct 1 1927,Sat,Davidson,12,@,Florida,0,
81,3,Oct 1 1927,Sat,Drake,20,,Simpson,6,
82,3,Oct 1 1927,Sat,Duke,25,@,Boston College,9,
83,3,Oct 1 1927,Sat,Elon,0,,Wake Forest,0,
84,3,Oct 1 1927,Sat,Georgetown,57,,Susquehanna,0,
85,3,Oct 1 1927,Sat,Georgia,32,,Virginia,0,
86,3,Oct 1 1927,Sat,Georgia Tech,7,,Virginia Military Institute,0,
87,3,Oct 1 1927,Sat,Harvard,21,,Vermont,3,
88,3,Oct 1 1927,Sat,Idaho,19,@,Montana State,12,
89,3,Oct 1 1927,Sat,Illinois,19,,Bradley,0,
90,3,Oct 1 1927,Sat,Indiana,21,@,Kentucky,0,
91,3,Oct 1 1927,Sat,Iowa,32,,Monmouth,6,
92,3,Oct 1 1927,Sat,Kansas,19,@,Grinnell,0,
93,3,Oct 1 1927,Sat,Lafayette,38,,Muhlenberg,7,
94,3,Oct 1 1927,Sat,Louisiana State,52,,Louisiana-Lafayette,0,
95,3,Oct 1 1927,Sat,Marquette,9,,Lawrence,0,
96,3,Oct 1 1927,Sat,Maryland,26,,South Carolina,0,
97,3,Oct 1 1927,Sat,Michigan,33,,Ohio Wesleyan,0,
98,3,Oct 1 1927,Sat,Michigan State,27,,Ohio,0,
99,3,Oct 1 1927,Sat,Minnesota,57,,North Dakota,10,
100,3,Oct 1 1927,Sat,Mississippi State,27,,Birmingham-Southern,0,
101,3,Oct 1 1927,Sat,Missouri,13,,Kansas State,6,
102,3,Oct 1 1927,Sat,Montana,8,,Carroll (Montana),0,
103,3,Oct 1 1927,Sat,Navy,27,,Davis & Elkins,0,
104,3,Oct 1 1927,Sat,Nebraska,6,,Iowa State,0,
105,3,Oct 1 1927,Sat,New York University,29,,West Virginia Wesleyan,13,
106,3,Oct 1 1927,Sat,Northwestern,47,,South Dakota,2,
107,3,Oct 1 1927,Sat,Notre Dame,28,,Coe,7,
108,3,Oct 1 1927,Sat,Ohio State,31,,Wittenberg,0,
109,3,Oct 1 1927,Sat,Oklahoma,13,@,Chicago,7,
110,3,Oct 1 1927,Sat,Oregon,31,,Pacific (Oregon),6,
111,3,Oct 1 1927,Sat,Oregon State,25,,California-Davis,6,
112,3,Oct 1 1927,Sat,Penn State,34,,Gettysburg,13,
113,3,Oct 1 1927,Sat,Pennsylvania,33,,Swarthmore,0,
114,3,Oct 1 1927,Sat,Pittsburgh,33,,Grove City,0,
115,3,Oct 1 1927,Sat,Princeton,14,,Amherst,0,
116,3,Oct 1 1927,Sat,Purdue,15,,DePauw,0,
117,3,Oct 1 1927,Sat,Rice,20,,Sam Houston State,13,
118,3,Oct 1 1927,Sat,Saint Mary's (CA),16,@,Stanford,0,
119,3,Oct 1 1927,Sat,Southern California,52,,Santa Clara,12,
120,3,Oct 1 1927,Sat,Southern Methodist,32,,Howard Payne,0,
121,3,Oct 1 1927,Sat,Syracuse,18,,William & Mary,0,
122,3,Oct 1 1927,Sat,Tennessee,26,@,North Carolina,0,
123,3,Oct 1 1927,Sat,Texas A&M,31,,Southwestern (TX),0,
124,3,Oct 1 1927,Sat,Texas Christian,0,,Texas,0,
125,3,Oct 1 1927,Sat,Tulane,19,,Mississippi,7,
126,3,Oct 1 1927,Sat,Utah,40,,Colorado Mines,6,
127,3,Oct 1 1927,Sat,Vanderbilt,39,,Ouachita,10,
128,3,Oct 1 1927,Sat,Virginia Tech,13,,Hampden-Sydney,0,
129,3,Oct 1 1927,Sat,Washington,48,,USS Idaho,0,
130,3,Oct 1 1927,Sat,Washington & Jefferson,15,@,McDaniel,6,
131,3,Oct 1 1927,Sat,Washington (MO),6,,Oklahoma State,0,
132,3,Oct 1 1927,Sat,Washington State,53,,Albertson,0,
133,3,Oct 1 1927,Sat,West Virginia,6,,Washington & Lee,6,Charleston WV
134,3,Oct 1 1927,Sat,Wisconsin,31,,Cornell College,6,
135,3,Oct 1 1927,Sat,Yale,41,,Bowdoin,0,
Rk,Wk,Date,Day,Winner/Tie,Pts,,Loser/Tie,Pts,Notes
136,4,Oct 7 1927,Fri,Hendrix,0,,Mississippi,0,
137,4,Oct 7 1927,Fri,Presbyterian,14,,Wake Forest,7,Asheville NC
138,4,Oct 8 1927,Sat,Arkansas,13,,Baylor,6,
139,4,Oct 8 1927,Sat,Army,21,,Marquette,12,
140,4,Oct 8 1927,Sat,Bucknell,13,@,Penn State,7,
141,4,Oct 8 1927,Sat,California,13,,Saint Mary's (CA),0,
142,4,Oct 8 1927,Sat,Carnegie Mellon,58,,Drexel,0,
143,4,Oct 8 1927,Sat,Centenary (LA),21,,Southern Methodist,12,
144,4,Oct 8 1927,Sat,Chadron State,28,,Northern Colorado,0,
145,4,Oct 8 1927,Sat,Chicago,13,,Indiana,0,
146,4,Oct 8 1927,Sat,Colorado State,29,,Brigham Young,0,
147,4,Oct 8 1927,Sat,Columbia,28,,Wesleyan (CT),0,
148,4,Oct 8 1927,Sat,Creighton,7,@,North Dakota,0,
149,4,Oct 8 1927,Sat,Dartmouth,38,,Allegheny,7,
150,4,Oct 8 1927,Sat,Davidson,12,@,Wofford,2,
151,4,Oct 8 1927,Sat,Denver,7,,Wyoming,0,
152,4,Oct 8 1927,Sat,Florida,33,@,Auburn,6,
153,4,Oct 8 1927,Sat,Furman,26,@,Mercer,13,
154,4,Oct 8 1927,Sat,Georgetown,39,,Davis & Elkins,0,
155,4,Oct 8 1927,Sat,Georgia,14,@,Yale,10,
156,4,Oct 8 1927,Sat,Georgia Tech,13,,Tulane,6,
157,4,Oct 8 1927,Sat,Idaho,0,,Oregon,0,
158,4,Oct 8 1927,Sat,Illinois,58,,Butler,0,
159,4,Oct 8 1927,Sat,Iowa State,26,,Simpson,6,
160,4,Oct 8 1927,Sat,Kentucky,13,,Kentucky Wesleyan,7,
161,4,Oct 8 1927,Sat,Lafayette,56,,Rutgers,0,
162,4,Oct 8 1927,Sat,Louisiana State,0,,Alabama,0,Birmingham AL
163,4,Oct 8 1927,Sat,Michigan,21,,Michigan State,0,
164,4,Oct 8 1927,Sat,Minnesota,40,,Oklahoma State,0,
165,4,Oct 8 1927,Sat,Mississippi State,14,,Louisiana Tech,0,
166,4,Oct 8 1927,Sat,Missouri,7,,Nebraska,6,
167,4,Oct 8 1927,Sat,Montana State,12,,Colorado,6,
168,4,Oct 8 1927,Sat,Navy,35,,Drake,6,
169,4,Oct 8 1927,Sat,New York University,65,,Alfred,0,
170,4,Oct 8 1927,Sat,North Carolina,7,,Maryland,6,
171,4,Oct 8 1927,Sat,North Carolina State,18,,Clemson,6,
172,4,Oct 8 1927,Sat,Northwestern,13,,Utah,6,
173,4,Oct 8 1927,Sat,Notre Dame,20,@,Detroit Mercy,0,
174,4,Oct 8 1927,Sat,Ohio State,13,@,Iowa,6,
175,4,Oct 8 1927,Sat,Pennsylvania,14,,Brown,6,
176,4,Oct 8 1927,Sat,Pittsburgh,40,,West Virginia,0,
177,4,Oct 8 1927,Sat,Princeton,42,,Lehigh,0,
178,4,Oct 8 1927,Sat,Purdue,19,@,Harvard,0,
179,4,Oct 8 1927,Sat,South Carolina,13,@,Virginia,12,
180,4,Oct 8 1927,Sat,Southern California,13,,Oregon State,12,
181,4,Oct 8 1927,Sat,St. Edward's,0,,Rice,0,
182,4,Oct 8 1927,Sat,Stanford,20,,Nevada,2,
183,4,Oct 8 1927,Sat,Syracuse,21,,Johns Hopkins,6,
184,4,Oct 8 1927,Sat,Tennessee,7,,Maryville (TN),0,
185,4,Oct 8 1927,Sat,Texas,20,,Trinity (Texas),6,
186,4,Oct 8 1927,Sat,Texas A&M,18,,Sewanee,0,Dallas TX
187,4,Oct 8 1927,Sat,Texas Christian,16,,Texas Tech,6,
188,4,Oct 8 1927,Sat,Utah State,39,,Western State,0,
189,4,Oct 8 1927,Sat,Vanderbilt,53,@,Centre,6,
190,4,Oct 8 1927,Sat,Virginia Military Institute,32,,Roanoke,0,
191,4,Oct 8 1927,Sat,Virginia Tech,6,@,Colgate,0,
192,4,Oct 8 1927,Sat,Washington,40,@,Puget Sound,0,
193,4,Oct 8 1927,Sat,Washington & Jefferson,31,,Bethany (West Virginia),0,
194,4,Oct 8 1927,Sat,Washington & Lee,12,,Duke,7,
195,4,Oct 8 1927,Sat,Washington (MO),13,@,Missouri-Rolla,0,
196,4,Oct 8 1927,Sat,Washington State,35,,Montana,0,
197,4,Oct 8 1927,Sat,Wisconsin,26,@,Kansas,6,
198,4,Oct 9 1927,Sun,Cornell,53,,Richmond,0,
Rk,Wk,Date,Day,Winner/Tie,Pts,,Loser/Tie,Pts,Notes
199,5,Oct 13 1927,Thu,North Carolina State,30,,Wake Forest,7,
200,5,Oct 14 1927,Fri,Clemson,25,,Erskine,6,
201,5,Oct 14 1927,Fri,Southern Methodist,34,,Rice,6,
202,5,Oct 15 1927,Sat,Army,27,,Davis & Elkins,6,
203,5,Oct 15 1927,Sat,Baylor,20,,Trinity (Texas),12,Waxahachie TX
204,5,Oct 15 1927,Sat,Brigham Young,0,,California-Davis,0,
205,5,Oct 15 1927,Sat,California,16,@,Oregon,0,Portland OR
206,5,Oct 15 1927,Sat,Chicago,7,,Purdue,6,
207,5,Oct 15 1927,Sat,Colgate,13,@,Columbia,7,
208,5,Oct 15 1927,Sat,Colorado,43,,Northern Colorado,0,
209,5,Oct 15 1927,Sat,Colorado College,82,,Montezuma,0,
210,5,Oct 15 1927,Sat,Colorado Mines,51,,Western State,6,
211,5,Oct 15 1927,Sat,Cornell College,19,,Michigan State,13,
212,5,Oct 15 1927,Sat,Creighton,13,,Oklahoma,13,
213,5,Oct 15 1927,Sat,Dartmouth,47,,Temple,7,
214,5,Oct 15 1927,Sat,Davidson,27,,Elon,0,
215,5,Oct 15 1927,Sat,Denver,6,,Colorado State,0,
216,5,Oct 15 1927,Sat,Detroit Mercy,58,,Loras,0,
217,5,Oct 15 1927,Sat,Duke,72,,Richmond,0,
218,5,Oct 15 1927,Sat,Florida,27,,Kentucky,6,Jacksonville FL
219,5,Oct 15 1927,Sat,Georgia,32,,Furman,0,
220,5,Oct 15 1927,Sat,Georgia Tech,13,,Alabama,0,
221,5,Oct 15 1927,Sat,Harvard,14,,Holy Cross,6,
222,5,Oct 15 1927,Sat,Idaho,40,,Whitman,0,
223,5,Oct 15 1927,Sat,Iowa,38,,Wabash,0,
224,5,Oct 15 1927,Sat,Iowa State,12,,Illinois,12,
225,5,Oct 15 1927,Sat,Kansas State,13,@,Kansas,2,
226,5,Oct 15 1927,Sat,Lafayette,7,,West Virginia,7,
227,5,Oct 15 1927,Sat,Louisiana State,9,@,Auburn,0,Montgomery AL
228,5,Oct 15 1927,Sat,Maryland,13,,Virginia Tech,7,Norfolk VA
229,5,Oct 15 1927,Sat,Michigan,14,@,Wisconsin,0,
230,5,Oct 15 1927,Sat,Minnesota,14,,Indiana,14,
231,5,Oct 15 1927,Sat,Mississippi State,13,@,Tulane,6,
232,5,Oct 15 1927,Sat,Missouri,13,@,Washington (MO),0,
233,5,Oct 15 1927,Sat,Montana State,13,@,Utah State,6,Ogden UT
234,5,Oct 15 1927,Sat,Nebraska,58,,Grinnell,0,
235,5,Oct 15 1927,Sat,New York University,32,,Fordham,0,Bronx NY
236,5,Oct 15 1927,Sat,Northwestern,19,@,Ohio State,13,
237,5,Oct 15 1927,Sat,Notre Dame,19,@,Navy,6,Baltimore MD
238,5,Oct 15 1927,Sat,Oklahoma State,8,,Marquette,0,
239,5,Oct 15 1927,Sat,Penn State,20,@,Pennsylvania,0,
240,5,Oct 15 1927,Sat,Pittsburgh,32,@,Drake,0,
241,5,Oct 15 1927,Sat,Princeton,13,,Washington & Lee,0,
242,5,Oct 15 1927,Sat,South Carolina,14,,North Carolina,6,
243,5,Oct 15 1927,Sat,Southern California,13,,Stanford,13,
244,5,Oct 15 1927,Sat,Syracuse,19,,Georgetown,6,
245,5,Oct 15 1927,Sat,Tennessee,21,,Mississippi,7,
246,5,Oct 15 1927,Sat,Texas,13,,Vanderbilt,6,Dallas TX
247,5,Oct 15 1927,Sat,Texas A&M,40,,Arkansas,6,
248,5,Oct 15 1927,Sat,Texas Christian,20,,Austin,13,
249,5,Oct 15 1927,Sat,Virginia,13,,Virginia Military Institute,8,
250,5,Oct 15 1927,Sat,Washington,32,@,Montana,0,
251,5,Oct 15 1927,Sat,Washington & Jefferson,20,@,Carnegie Mellon,6,
252,5,Oct 15 1927,Sat,Washington State,13,@,Gonzaga,0,
253,5,Oct 15 1927,Sat,Wyoming,30,,Chadron State,13,
254,5,Oct 15 1927,Sat,Yale,19,,Brown,0,
Rk,Wk,Date,Day,Winner/Tie,Pts,,Loser/Tie,Pts,Notes
255,6,Oct 20 1927,Thu,Clemson,20,@,South Carolina,0,
256,6,Oct 22 1927,Sat,Alabama,24,,Sewanee,0,Birmingham AL
257,6,Oct 22 1927,Sat,Arkansas,34,,Missouri-Rolla,0,
258,6,Oct 22 1927,Sat,California,21,,Olympic Club,0,
259,6,Oct 22 1927,Sat,Centenary (LA),9,@,Baylor,6,
260,6,Oct 22 1927,Sat,Chicago,13,,Pennsylvania,7,
261,6,Oct 22 1927,Sat,Colorado College,28,,Montana State,7,
262,6,Oct 22 1927,Sat,Columbia,19,,Williams,0,
263,6,Oct 22 1927,Sat,Creighton,14,,Marquette,0,
264,6,Oct 22 1927,Sat,Dartmouth,30,@,Harvard,6,
265,6,Oct 22 1927,Sat,Davidson,13,,Wake Forest,13,
266,6,Oct 22 1927,Sat,Denver,39,,Colorado Mines,0,
267,6,Oct 22 1927,Sat,Drake,26,@,Grinnell,6,
268,6,Oct 22 1927,Sat,Furman,47,,Erskine,0,
269,6,Oct 22 1927,Sat,Georgetown,25,,West Virginia,0,
270,6,Oct 22 1927,Sat,Georgia,33,,Auburn,3,Columbus GA
271,6,Oct 22 1927,Sat,Georgia Tech,13,,North Carolina,0,
272,6,Oct 22 1927,Sat,Idaho,42,,Montana,6,
273,6,Oct 22 1927,Sat,Illinois,7,@,Northwestern,6,
274,6,Oct 22 1927,Sat,Kansas State,20,,Oklahoma,14,
275,6,Oct 22 1927,Sat,Lebanon Valley,13,@,Brown,12,
276,6,Oct 22 1927,Sat,Louisiana State,9,@,Mississippi State,7,Jackson MS
277,6,Oct 22 1927,Sat,Maryland,10,,Virginia Military Institute,6,Richmond VA
278,6,Oct 22 1927,Sat,Michigan,21,,Ohio State,0,
279,6,Oct 22 1927,Sat,Minnesota,38,,Iowa,0,
280,6,Oct 22 1927,Sat,Mississippi,39,@,Rhodes,0,
281,6,Oct 22 1927,Sat,Navy,32,,Duke,6,
282,6,Oct 22 1927,Sat,New York University,60,,Rutgers,6,Bronx NY
283,6,Oct 22 1927,Sat,North Carolina State,12,@,Florida,6,Tampa FL
284,6,Oct 22 1927,Sat,Northern Colorado,21,@,Brigham Young,7,
285,6,Oct 22 1927,Sat,Notre Dame,19,@,Indiana,6,
286,6,Oct 22 1927,Sat,Penn State,9,@,Syracuse,6,
287,6,Oct 22 1927,Sat,Pittsburgh,23,,Carnegie Mellon,7,
288,6,Oct 22 1927,Sat,Princeton,21,@,Cornell,10,
289,6,Oct 22 1927,Sat,Southern California,51,,California Tech,0,
290,6,Oct 22 1927,Sat,Southern Methodist,32,,Missouri,9,
291,6,Oct 22 1927,Sat,Stanford,20,@,Oregon State,6,Portland OR
292,6,Oct 22 1927,Sat,Tennessee,57,,Transylvania,0,
293,6,Oct 22 1927,Sat,Texas,27,,Rice,0,
294,6,Oct 22 1927,Sat,Texas A&M,0,,Texas Christian,0,
295,6,Oct 22 1927,Sat,Tulsa,28,@,Oklahoma State,26,
296,6,Oct 22 1927,Sat,Utah,20,,Colorado,13,
297,6,Oct 22 1927,Sat,Utah State,42,,Wyoming,0,
298,6,Oct 22 1927,Sat,Vanderbilt,32,,Tulane,0,
299,6,Oct 22 1927,Sat,Virginia,7,,Virginia Tech,0,
300,6,Oct 22 1927,Sat,Wabash,7,@,Colgate,0,
301,6,Oct 22 1927,Sat,Washington,14,,Washington State,0,
302,6,Oct 22 1927,Sat,Washington & Jefferson,14,@,Lafayette,0,
303,6,Oct 22 1927,Sat,Washington & Lee,25,@,Kentucky,0,
304,6,Oct 22 1927,Sat,Washington (MO),21,,Kansas,21,
305,6,Oct 22 1927,Sat,Wisconsin,12,,Purdue,6,
306,6,Oct 22 1927,Sat,Yale,10,,Army,6,
Rk,Wk,Date,Day,Winner/Tie,Pts,,Loser/Tie,Pts,Notes
307,7,Oct 27 1927,Thu,South Carolina,6,,Citadel,0,Orangeburg SC
308,7,Oct 28 1927,Fri,Southern Methodist,14,,Texas,0,
309,7,Oct 28 1927,Fri,Texas A&M,47,,Texas Tech,6,
310,7,Oct 29 1927,Sat,Alabama,13,,Mississippi State,7,
311,7,Oct 29 1927,Sat,Arkansas,28,,Louisiana State,0,Shreveport LA
312,7,Oct 29 1927,Sat,Army,34,,Bucknell,0,
313,7,Oct 29 1927,Sat,Auburn,9,,Samford,9,
314,7,Oct 29 1927,Sat,Carnegie Mellon,13,@,West Virginia,7,
315,7,Oct 29 1927,Sat,Chattanooga,14,,Virginia Tech,13,
316,7,Oct 29 1927,Sat,Clemson,6,,Wofford,0,
317,7,Oct 29 1927,Sat,Colgate,0,,New York University,0,Bronx NY
318,7,Oct 29 1927,Sat,Colorado,28,,Colorado Mines,18,
319,7,Oct 29 1927,Sat,Colorado College,12,@,Wyoming,8,
320,7,Oct 29 1927,Sat,Colorado State,12,,Utah,0,
321,7,Oct 29 1927,Sat,Columbia,0,,Cornell,0,
322,7,Oct 29 1927,Sat,Detroit Mercy,24,@,Michigan State,7,
323,7,Oct 29 1927,Sat,Duke,32,@,Wake Forest,6,
324,7,Oct 29 1927,Sat,Florida,32,,Mercer,6,
325,7,Oct 29 1927,Sat,Furman,19,@,Oglethorpe,0,
326,7,Oct 29 1927,Sat,Georgetown,58,,Waynesburg,0,
327,7,Oct 29 1927,Sat,Georgia,31,@,Tulane,0,
328,7,Oct 29 1927,Sat,Harvard,26,,Indiana,6,
329,7,Oct 29 1927,Sat,Illinois,14,,Michigan,0,
330,7,Oct 29 1927,Sat,Iowa,15,,Denver,0,
331,7,Oct 29 1927,Sat,Iowa State,12,,Kansas State,7,
332,7,Oct 29 1927,Sat,Kansas,7,,Drake,6,
333,7,Oct 29 1927,Sat,Marquette,31,@,Grinnell,0,
334,7,Oct 29 1927,Sat,Minnesota,13,,Wisconsin,7,
335,7,Oct 29 1927,Sat,Mississippi,28,@,Sewanee,14,
336,7,Oct 29 1927,Sat,Missouri,34,@,Northwestern,19,
337,7,Oct 29 1927,Sat,Navy,12,@,Pennsylvania,6,
338,7,Oct 29 1927,Sat,Nebraska,21,,Syracuse,0,
339,7,Oct 29 1927,Sat,North Carolina State,19,,North Carolina,6,
340,7,Oct 29 1927,Sat,Notre Dame,26,,Georgia Tech,7,
341,7,Oct 29 1927,Sat,Ohio State,13,,Chicago,7,
342,7,Oct 29 1927,Sat,Oklahoma,14,,Central Oklahoma,14,
343,7,Oct 29 1927,Sat,Oklahoma State,18,,Creighton,6,
344,7,Oct 29 1927,Sat,Oregon State,13,,Washington State,6,
345,7,Oct 29 1927,Sat,Penn State,40,,Lafayette,6,
346,7,Oct 29 1927,Sat,Pittsburgh,62,,Allegheny,0,
347,7,Oct 29 1927,Sat,Princeton,35,,William & Mary,7,
348,7,Oct 29 1927,Sat,Purdue,39,,Montana State,7,
349,7,Oct 29 1927,Sat,Saint Mary's (CA),3,,Idaho,3,
350,7,Oct 29 1927,Sat,Southern California,13,,California,0,
351,7,Oct 29 1927,Sat,Southwestern (TX),14,@,Rice,12,
352,7,Oct 29 1927,Sat,Stanford,19,,Oregon,0,
353,7,Oct 29 1927,Sat,Temple,7,@,Brown,0,
354,7,Oct 29 1927,Sat,Tennessee,42,,Virginia,0,
355,7,Oct 29 1927,Sat,Texas Christian,14,@,Baylor,0,
356,7,Oct 29 1927,Sat,Utah State,22,,Brigham Young,0,
357,7,Oct 29 1927,Sat,Vanderbilt,34,,Kentucky,6,
358,7,Oct 29 1927,Sat,Virginia Military Institute,20,@,Davidson,0,
359,7,Oct 29 1927,Sat,Washington,61,,Whitman,7,
360,7,Oct 29 1927,Sat,Washington & Jefferson,33,@,Thiel,0,
361,7,Oct 29 1927,Sat,Washington & Lee,13,@,Maryland,6,
362,7,Oct 29 1927,Sat,Western State,6,,Northern Colorado,2,
363,7,Oct 29 1927,Sat,Westminster (Missouri),6,,Washington (MO),6,
364,7,Oct 29 1927,Sat,Yale,19,,Dartmouth,0,
Rk,Wk,Date,Day,Winner/Tie,Pts,,Loser/Tie,Pts,Notes
365,8,Nov 5 1927,Sat,Alabama,21,,Kentucky,6,Birmingham AL
366,8,Nov 5 1927,Sat,Arkansas,10,@,Texas Christian,3,
367,8,Nov 5 1927,Sat,Army,45,,Franklin & Marshall,0,
368,8,Nov 5 1927,Sat,Auburn,6,,Tulane,6,
369,8,Nov 5 1927,Sat,Brigham Young,60,,Western State,7,
370,8,Nov 5 1927,Sat,California,33,,Montana,13,
371,8,Nov 5 1927,Sat,Centenary (LA),33,@,Rice,7,
372,8,Nov 5 1927,Sat,Clemson,13,@,Citadel,0,
373,8,Nov 5 1927,Sat,Colgate,20,,Hobart,0,
374,8,Nov 5 1927,Sat,Colorado,7,,Colorado College,6,
375,8,Nov 5 1927,Sat,Colorado Mines,37,@,Northern Colorado,12,
376,8,Nov 5 1927,Sat,Colorado State,6,@,Utah State,0,
377,8,Nov 5 1927,Sat,Creighton,16,@,Utah,7,
378,8,Nov 5 1927,Sat,Dartmouth,19,@,Brown,7,
379,8,Nov 5 1927,Sat,Detroit Mercy,38,,Haskell,7,
380,8,Nov 5 1927,Sat,Furman,53,@,Wake Forest,0,
381,8,Nov 5 1927,Sat,Georgetown,27,,Lafayette,2,
382,8,Nov 5 1927,Sat,Georgia,28,@,Florida,0,Jacksonville FL
383,8,Nov 5 1927,Sat,Illinois,14,@,Iowa,0,
384,8,Nov 5 1927,Sat,Indiana,33,,Michigan State,7,
385,8,Nov 5 1927,Sat,Iowa State,7,@,Drake,0,
386,8,Nov 5 1927,Sat,Johns Hopkins,7,,Columbia,7,
387,8,Nov 5 1927,Sat,Marquette,26,@,Saint Louis,0,
388,8,Nov 5 1927,Sat,Michigan,14,@,Chicago,0,
389,8,Nov 5 1927,Sat,Minnesota,7,,Notre Dame,7,
390,8,Nov 5 1927,Sat,Mississippi,12,,Louisiana State,7,
391,8,Nov 5 1927,Sat,Missouri,13,,West Virginia,0,
392,8,Nov 5 1927,Sat,Navy,26,,West Virginia Wesleyan,0,
393,8,Nov 5 1927,Sat,Nebraska,47,,Kansas,13,
394,8,Nov 5 1927,Sat,New York University,20,,Carnegie Mellon,6,Bronx NY
395,8,Nov 5 1927,Sat,North Carolina State,25,,Davidson,6,Greensboro NC
396,8,Nov 5 1927,Sat,Ohio Wesleyan,6,,Syracuse,6,
397,8,Nov 5 1927,Sat,Oklahoma,23,,Washington (MO),7,
398,8,Nov 5 1927,Sat,Penn State,13,,George Washington,0,
399,8,Nov 5 1927,Sat,Pennsylvania,24,,Harvard,0,
400,8,Nov 5 1927,Sat,Princeton,20,,Ohio State,0,
401,8,Nov 5 1927,Sat,Purdue,18,,Northwestern,6,
402,8,Nov 5 1927,Sat,St. Bonaventure,6,,Cornell,6,
403,8,Nov 5 1927,Sat,Stanford,13,@,Washington,7,
404,8,Nov 5 1927,Sat,Tennessee,32,,Sewanee,12,
405,8,Nov 5 1927,Sat,Texas,13,,Baylor,12,
406,8,Nov 5 1927,Sat,Texas A&M,39,@,Southern Methodist,13,
407,8,Nov 5 1927,Sat,Virginia,13,@,Washington & Lee,7,
408,8,Nov 5 1927,Sat,Virginia Military Institute,7,,North Carolina,0,
409,8,Nov 5 1927,Sat,Virginia Tech,35,,South Carolina,0,Richmond VA
410,8,Nov 5 1927,Sat,Washington & Jefferson,0,,Pittsburgh,0,
411,8,Nov 5 1927,Sat,Wisconsin,20,,Grinnell,2,
412,8,Nov 5 1927,Sat,Yale,30,,Maryland,6,
413,8,Nov 6 1927,Sun,Georgia Tech,0,,Vanderbilt,0,
Rk,Wk,Date,Day,Winner/Tie,Pts,,Loser/Tie,Pts,Notes
414,9,Nov 11 1927,Fri,Centenary (LA),7,,Texas Christian,3,
415,9,Nov 11 1927,Fri,Creighton,14,@,South Dakota State,0,
416,9,Nov 11 1927,Fri,Denver,13,,Utah State,0,
417,9,Nov 11 1927,Fri,Detroit Mercy,21,@,Saint Louis,0,
418,9,Nov 11 1927,Fri,Idaho,7,,Washington State,7,
419,9,Nov 11 1927,Fri,Loyola (Chicago),7,@,Mississippi,6,Jackson MS
420,9,Nov 11 1927,Fri,Michigan State,20,,Albion,6,
421,9,Nov 11 1927,Fri,Missouri,13,@,Iowa State,6,
422,9,Nov 11 1927,Fri,Montana State,6,,Wyoming,0,Sheridan WY
423,9,Nov 11 1927,Fri,Quantico Marines,39,,Wake Forest,10,
424,9,Nov 11 1927,Fri,Texas A&M,14,@,Rice,0,
425,9,Nov 12 1927,Sat,Arkansas,33,,Oklahoma State,20,
426,9,Nov 12 1927,Sat,Army,18,,Notre Dame,0,Bronx NY
427,9,Nov 12 1927,Sat,Carnegie Mellon,45,,Western Reserve,0,
428,9,Nov 12 1927,Sat,Colgate,13,,Syracuse,13,
429,9,Nov 12 1927,Sat,Colorado College,33,@,Western State,6,
430,9,Nov 12 1927,Sat,Colorado State,37,@,Colorado Mines,6,
431,9,Nov 12 1927,Sat,Dartmouth,53,,Cornell,7,
432,9,Nov 12 1927,Sat,Florida,13,@,Alabama,6,Montgomery AL
433,9,Nov 12 1927,Sat,Furman,33,,South Carolina,0,
434,9,Nov 12 1927,Sat,Georgetown,47,@,Boston College,0,
435,9,Nov 12 1927,Sat,Georgia,32,,Clemson,0,
436,9,Nov 12 1927,Sat,Georgia Tech,23,,Louisiana State,0,
437,9,Nov 12 1927,Sat,Gonzaga,0,,Montana,0,
438,9,Nov 12 1927,Sat,Harvard,18,,Brown,6,
439,9,Nov 12 1927,Sat,Illinois,15,,Chicago,6,
440,9,Nov 12 1927,Sat,Indiana,18,@,Northwestern,7,
441,9,Nov 12 1927,Sat,Iowa,16,@,Wisconsin,0,
442,9,Nov 12 1927,Sat,Kentucky,25,,Virginia Military Institute,0,Charleston WV
443,9,Nov 12 1927,Sat,Lafayette,73,,Susquehanna,6,
444,9,Nov 12 1927,Sat,Marquette,12,,Holy Cross,6,
445,9,Nov 12 1927,Sat,Michigan,27,,Navy,12,
446,9,Nov 12 1927,Sat,Minnesota,27,,Drake,6,
447,9,Nov 12 1927,Sat,Mississippi State,7,@,Auburn,6,Birmingham AL
448,9,Nov 12 1927,Sat,New York University,13,,Penn State,13,
449,9,Nov 12 1927,Sat,North Carolina,27,,Davidson,0,
450,9,Nov 12 1927,Sat,North Carolina State,20,@,Duke,18,
451,9,Nov 12 1927,Sat,Ohio State,61,,Denison,6,
452,9,Nov 12 1927,Sat,Oklahoma,26,,Kansas,7,
453,9,Nov 12 1927,Sat,Oregon State,21,@,Oregon,7,
454,9,Nov 12 1927,Sat,Pennsylvania,27,,Columbia,0,
455,9,Nov 12 1927,Sat,Pittsburgh,21,,Nebraska,13,
456,9,Nov 12 1927,Sat,Purdue,46,,Franklin,0,
457,9,Nov 12 1927,Sat,Santa Clara,13,@,Stanford,6,
458,9,Nov 12 1927,Sat,Sewanee,12,@,Tulane,6,
459,9,Nov 12 1927,Sat,Southern California,46,,Colorado,7,
460,9,Nov 12 1927,Sat,Southern Methodist,34,,Baylor,0,
461,9,Nov 12 1927,Sat,Texas,41,,Kansas State,7,
462,9,Nov 12 1927,Sat,Utah,20,@,Brigham Young,0,
463,9,Nov 12 1927,Sat,Vanderbilt,7,,Tennessee,7,
464,9,Nov 12 1927,Sat,Virginia,21,,Maryland,0,
465,9,Nov 12 1927,Sat,Virginia Tech,21,,Washington & Lee,0,
466,9,Nov 12 1927,Sat,Washington,6,@,California,0,
467,9,Nov 12 1927,Sat,Washington & Jefferson,19,@,Bucknell,3,
468,9,Nov 12 1927,Sat,Washington (MO),18,@,Grinnell,7,
469,9,Nov 12 1927,Sat,West Virginia,15,,Davis & Elkins,12,
470,9,Nov 12 1927,Sat,Yale,14,,Princeton,6,
Rk,Wk,Date,Day,Winner/Tie,Pts,,Loser/Tie,Pts,Notes
471,10,Nov 18 1927,Fri,Mississippi State,6,,Millsaps,0,
472,10,Nov 19 1927,Sat,Arkansas,42,,Austin,0,
473,10,Nov 19 1927,Sat,Army,13,,Ursinus,0,
474,10,Nov 19 1927,Sat,Brigham Young,38,,Colorado Mines,19,
475,10,Nov 19 1927,Sat,Brown,31,,New Hampshire,13,
476,10,Nov 19 1927,Sat,Chicago,12,,Wisconsin,0,
477,10,Nov 19 1927,Sat,Colorado College,20,,Northern Colorado,0,
478,10,Nov 19 1927,Sat,Colorado State,39,,Colorado,7,
479,10,Nov 19 1927,Sat,Creighton,20,,Saint Louis,8,
480,10,Nov 19 1927,Sat,Detroit Mercy,12,@,Carnegie Mellon,7,
481,10,Nov 19 1927,Sat,Furman,6,@,Citadel,0,
482,10,Nov 19 1927,Sat,Georgetown,38,,Fordham,0,
483,10,Nov 19 1927,Sat,Georgia,26,,Mercer,7,
484,10,Nov 19 1927,Sat,Georgia Tech,19,,Oglethorpe,7,
485,10,Nov 19 1927,Sat,Idaho,12,@,Oregon State,7,Portland OR
486,10,Nov 19 1927,Sat,Illinois,13,@,Ohio State,0,
487,10,Nov 19 1927,Sat,Iowa State,14,,Grinnell,0,
488,10,Nov 19 1927,Sat,Kansas,14,,Missouri,7,
489,10,Nov 19 1927,Sat,Kentucky,53,@,Centre,0,
490,10,Nov 19 1927,Sat,Lafayette,43,@,Lehigh,0,
491,10,Nov 19 1927,Sat,Michigan State,25,,Butler,0,
492,10,Nov 19 1927,Sat,Minnesota,13,@,Michigan,7,
493,10,Nov 19 1927,Sat,Montana,6,@,Montana State,0,
494,10,Nov 19 1927,Sat,Navy,33,,Loyola (Baltimore),6,
495,10,Nov 19 1927,Sat,Nebraska,33,@,Kansas State,0,
496,10,Nov 19 1927,Sat,New York University,81,,Allegheny,0,Bronx NY
497,10,Nov 19 1927,Sat,North Carolina,18,@,Duke,0,
498,10,Nov 19 1927,Sat,Northwestern,12,,Iowa,0,
499,10,Nov 19 1927,Sat,Notre Dame,32,@,Drake,0,
500,10,Nov 19 1927,Sat,Oklahoma State,13,@,Oklahoma,7,
501,10,Nov 19 1927,Sat,Purdue,21,@,Indiana,6,
502,10,Nov 19 1927,Sat,Southern California,27,,Washington State,0,
503,10,Nov 19 1927,Sat,Southern Methodist,28,@,Texas Christian,6,
504,10,Nov 19 1927,Sat,Stanford,13,,California,6,
505,10,Nov 19 1927,Sat,Syracuse,13,,Niagara,6,
506,10,Nov 19 1927,Sat,Vanderbilt,39,,Maryland,20,
507,10,Nov 19 1927,Sat,Wake Forest,13,,High Point,0,
508,10,Nov 19 1927,Sat,Wyoming,26,,Montezuma,0,
509,10,Nov 19 1927,Sat,Yale,14,@,Harvard,0,
Rk,Wk,Date,Day,Winner/Tie,Pts,,Loser/Tie,Pts,Notes
510,11,Nov 24 1927,Thu,Columbia,14,,Syracuse,7,New York NY
511,11,Nov 24 1927,Thu,Denver,48,,Colorado,0,
512,11,Nov 24 1927,Thu,Detroit Mercy,38,,South Dakota State,0,
513,11,Nov 24 1927,Thu,Florida,20,,Washington & Lee,7,Jacksonville FL
514,11,Nov 24 1927,Thu,Furman,28,,Clemson,0,
515,11,Nov 24 1927,Thu,Georgia Tech,18,,Auburn,0,
516,11,Nov 24 1927,Thu,Johns Hopkins,14,,Maryland,13,Baltimore MD
517,11,Nov 24 1927,Thu,Marquette,34,,Iowa State,0,
518,11,Nov 24 1927,Thu,Mercer,34,@,Wake Forest,0,Asheville NC
519,11,Nov 24 1927,Thu,Mississippi,20,,Mississippi State,12,
520,11,Nov 24 1927,Thu,Missouri,20,,Oklahoma,7,
521,11,Nov 24 1927,Thu,Nebraska,27,,New York University,18,
522,11,Nov 24 1927,Thu,New Mexico,32,,Western State,0,
523,11,Nov 24 1927,Thu,North Carolina,14,,Virginia,13,
524,11,Nov 24 1927,Thu,North Carolina State,34,@,South Carolina,0,
525,11,Nov 24 1927,Thu,Oklahoma State,25,@,Kansas State,18,
526,11,Nov 24 1927,Thu,Pennsylvania,35,,Cornell,0,
527,11,Nov 24 1927,Thu,Pittsburgh,30,,Penn State,0,
528,11,Nov 24 1927,Thu,Rice,19,,Baylor,12,
529,11,Nov 24 1927,Thu,Tennessee,20,@,Kentucky,0,
530,11,Nov 24 1927,Thu,Texas A&M,28,,Texas,7,
531,11,Nov 24 1927,Thu,Tulane,13,@,Louisiana State,6,
532,11,Nov 24 1927,Thu,Utah State,0,,Utah,0,
533,11,Nov 24 1927,Thu,Virginia Military Institute,12,,Virginia Tech,9,Roanoke VA
534,11,Nov 24 1927,Thu,Washington,7,,Oregon,0,
535,11,Nov 24 1927,Thu,Washington & Jefferson,6,,West Virginia,6,
536,11,Nov 24 1927,Thu,Washington (MO),21,,Saint Louis,0,
537,11,Nov 24 1927,Thu,Wyoming,27,@,Northern Colorado,6,
538,11,Nov 26 1927,Sat,Arkansas,20,,Hendrix,7,Little Rock AR
539,11,Nov 26 1927,Sat,Army,14,,Navy,9,New York NY
540,11,Nov 26 1927,Sat,Carnegie Mellon,14,,Oregon State,14,Portland OR
541,11,Nov 26 1927,Sat,Colgate,0,,Brown,0,
542,11,Nov 26 1927,Sat,Colorado State,20,@,Colorado College,7,
543,11,Nov 26 1927,Sat,Drake,25,@,UCLA,6,
544,11,Nov 26 1927,Sat,Duke,48,@,Davidson,7,
545,11,Nov 26 1927,Sat,Gonzaga,13,,Idaho,0,
546,11,Nov 26 1927,Sat,Notre Dame,7,,Southern California,6,Chicago IL
547,11,Nov 26 1927,Sat,Vanderbilt,26,,Sewanee,6,
548,11,Nov 27 1927,Sun,Georgia,20,@,Alabama,6,Birmingham AL
Rk,Wk,Date,Day,Winner/Tie,Pts,,Loser/Tie,Pts,Notes
549,12,Dec 3 1927,Sat,Florida,7,,Maryland,6,Jacksonville FL
550,12,Dec 3 1927,Sat,Georgia Tech,12,,Georgia,0,
551,12,Dec 3 1927,Sat,North Carolina State,19,,Michigan State,0,
552,12,Dec 3 1927,Sat,Southern California,33,,Washington,13,
553,12,Dec 3 1927,Sat,Vanderbilt,14,@,Alabama,7,Birmingham AL
Rk,Wk,Date,Day,Winner/Tie,Pts,,Loser/Tie,Pts,Notes
554,13,Dec 17 1927,Sat,Hawaii,21,,Utah State,20,
Rk,Wk,Date,Day,Winner/Tie,Pts,,Loser/Tie,Pts,Notes
555,14,Dec 31 1927,Sat,California,27,,Pennsylvania,13,
Rk,Wk,Date,Day,Winner/Tie,Pts,,Loser/Tie,Pts,Notes
556,15,Jan 2 1928,Mon,Furman,38,@,Miami (FL),7,
557,15,Jan 2 1928,Mon,Stanford,7,,Pittsburgh,6,Rose Bowl (Pasadena CA)